County,FIPS,VTD,cntyvtd,vtdkeyvalue,Office,Name,Party,Incumbent,Votes
Bell,27,0101,270101,189,Killeen City Council,Mims-Owens,,N,11
Bell,27,0102,270102,190,Killeen City Council,Mims-Owens,,N,9
Bell,27,0103,270103,191,Killeen City Council,Mims-Owens,,N,2
Bell,27,0104,270104,192,Killeen City Council,Mims-Owens,,N,10
Bell,27,0105,270105,193,Killeen City Council,Mims-Owens,,N,3
Bell,27,0106,270106,194,Killeen City Council,Mims-Owens,,N,35
Bell,27,0107,270107,195,Killeen City Council,Mims-Owens,,N,0
Bell,27,0108,270108,196,Killeen City Council,Mims-Owens,,N,4
Bell,27,0109,270109,197,Killeen City Council,Mims-Owens,,N,28
Bell,27,0110,270110,198,Killeen City Council,Mims-Owens,,N,5
Bell,27,0111,270111,199,Killeen City Council,Mims-Owens,,N,8
Bell,27,0113,270113,200,Killeen City Council,Mims-Owens,,N,8
Bell,27,0114,270114,201,Killeen City Council,Mims-Owens,,N,5
Bell,27,0115,270115,202,Killeen City Council,Mims-Owens,,N,12
Bell,27,0116,270116,203,Killeen City Council,Mims-Owens,,N,14
Bell,27,0117,270117,204,Killeen City Council,Mims-Owens,,N,0
Bell,27,0118,270118,205,Killeen City Council,Mims-Owens,,N,5
Bell,27,0119,270119,206,Killeen City Council,Mims-Owens,,N,4
Bell,27,0201,270201,207,Killeen City Council,Mims-Owens,,N,16
Bell,27,0202,270202,208,Killeen City Council,Mims-Owens,,N,17
Bell,27,0203,270203,209,Killeen City Council,Mims-Owens,,N,17
Bell,27,0204,270204,210,Killeen City Council,Mims-Owens,,N,12
Bell,27,0205,270205,211,Killeen City Council,Mims-Owens,,N,49
Bell,27,0206,270206,212,Killeen City Council,Mims-Owens,,N,16
Bell,27,0207,270207,213,Killeen City Council,Mims-Owens,,N,27
Bell,27,0208,270208,214,Killeen City Council,Mims-Owens,,N,23
Bell,27,0209,270209,215,Killeen City Council,Mims-Owens,,N,10
Bell,27,0210,270210,216,Killeen City Council,Mims-Owens,,N,11
Bell,27,0211,270211,217,Killeen City Council,Mims-Owens,,N,6
Bell,27,0212,270212,218,Killeen City Council,Mims-Owens,,N,2
Bell,27,0213,270213,219,Killeen City Council,Mims-Owens,,N,17
Bell,27,0214,270214,220,Killeen City Council,Mims-Owens,,N,19
Bell,27,0215,270215,221,Killeen City Council,Mims-Owens,,N,22
Bell,27,0216,270216,222,Killeen City Council,Mims-Owens,,N,9
Bell,27,0301,270301,223,Killeen City Council,Mims-Owens,,N,10
Bell,27,0302,270302,224,Killeen City Council,Mims-Owens,,N,11
Bell,27,0303,270303,225,Killeen City Council,Mims-Owens,,N,6
Bell,27,0304,270304,226,Killeen City Council,Mims-Owens,,N,0
Bell,27,0305,270305,227,Killeen City Council,Mims-Owens,,N,4
Bell,27,0306,270306,228,Killeen City Council,Mims-Owens,,N,6
Bell,27,0307,270307,229,Killeen City Council,Mims-Owens,,N,11
Bell,27,0308,270308,230,Killeen City Council,Mims-Owens,,N,9
Bell,27,0309,270309,231,Killeen City Council,Mims-Owens,,N,3
Bell,27,0310,270310,232,Killeen City Council,Mims-Owens,,N,1
Bell,27,0311,270311,233,Killeen City Council,Mims-Owens,,N,8
Bell,27,0312,270312,234,Killeen City Council,Mims-Owens,,N,3
Bell,27,0313,270313,235,Killeen City Council,Mims-Owens,,N,14
Bell,27,0314,270314,236,Killeen City Council,Mims-Owens,,N,9
Bell,27,0315,270315,237,Killeen City Council,Mims-Owens,,N,8
Bell,27,0317,270317,238,Killeen City Council,Mims-Owens,,N,3
Bell,27,0318,270318,239,Killeen City Council,Mims-Owens,,N,10
Bell,27,0319,270319,240,Killeen City Council,Mims-Owens,,N,7
Bell,27,0401,270401,241,Killeen City Council,Mims-Owens,,N,11
Bell,27,0402,270402,242,Killeen City Council,Mims-Owens,,N,19
Bell,27,0404,270404,243,Killeen City Council,Mims-Owens,,N,32
Bell,27,0405,270405,244,Killeen City Council,Mims-Owens,,N,21
Bell,27,0406,270406,245,Killeen City Council,Mims-Owens,,N,24
Bell,27,0408,270408,246,Killeen City Council,Mims-Owens,,N,23
Bell,27,0409,270409,247,Killeen City Council,Mims-Owens,,N,8
Bell,27,0410,270410,248,Killeen City Council,Mims-Owens,,N,9
Bell,27,0412,270412,249,Killeen City Council,Mims-Owens,,N,18
Bell,27,0413,270413,250,Killeen City Council,Mims-Owens,,N,9
Bell,27,0414,270414,251,Killeen City Council,Mims-Owens,,N,19
Bell,27,0415,270415,252,Killeen City Council,Mims-Owens,,N,25
Bell,27,0419,270419,253,Killeen City Council,Mims-Owens,,N,4
Bell,27,0101,270101,189,Killeen City Council,Rivera,,N,14
Bell,27,0102,270102,190,Killeen City Council,Rivera,,N,12
Bell,27,0103,270103,191,Killeen City Council,Rivera,,N,5
Bell,27,0104,270104,192,Killeen City Council,Rivera,,N,12
Bell,27,0105,270105,193,Killeen City Council,Rivera,,N,9
Bell,27,0106,270106,194,Killeen City Council,Rivera,,N,52
Bell,27,0107,270107,195,Killeen City Council,Rivera,,N,3
Bell,27,0108,270108,196,Killeen City Council,Rivera,,N,6
Bell,27,0109,270109,197,Killeen City Council,Rivera,,N,51
Bell,27,0110,270110,198,Killeen City Council,Rivera,,N,12
Bell,27,0111,270111,199,Killeen City Council,Rivera,,N,12
Bell,27,0113,270113,200,Killeen City Council,Rivera,,N,10
Bell,27,0114,270114,201,Killeen City Council,Rivera,,N,12
Bell,27,0115,270115,202,Killeen City Council,Rivera,,N,18
Bell,27,0116,270116,203,Killeen City Council,Rivera,,N,23
Bell,27,0117,270117,204,Killeen City Council,Rivera,,N,0
Bell,27,0118,270118,205,Killeen City Council,Rivera,,N,9
Bell,27,0119,270119,206,Killeen City Council,Rivera,,N,9
Bell,27,0201,270201,207,Killeen City Council,Rivera,,N,16
Bell,27,0202,270202,208,Killeen City Council,Rivera,,N,17
Bell,27,0203,270203,209,Killeen City Council,Rivera,,N,28
Bell,27,0204,270204,210,Killeen City Council,Rivera,,N,14
Bell,27,0205,270205,211,Killeen City Council,Rivera,,N,62
Bell,27,0206,270206,212,Killeen City Council,Rivera,,N,26
Bell,27,0207,270207,213,Killeen City Council,Rivera,,N,42
Bell,27,0208,270208,214,Killeen City Council,Rivera,,N,59
Bell,27,0209,270209,215,Killeen City Council,Rivera,,N,11
Bell,27,0210,270210,216,Killeen City Council,Rivera,,N,18
Bell,27,0211,270211,217,Killeen City Council,Rivera,,N,7
Bell,27,0212,270212,218,Killeen City Council,Rivera,,N,4
Bell,27,0213,270213,219,Killeen City Council,Rivera,,N,27
Bell,27,0214,270214,220,Killeen City Council,Rivera,,N,20
Bell,27,0215,270215,221,Killeen City Council,Rivera,,N,35
Bell,27,0216,270216,222,Killeen City Council,Rivera,,N,12
Bell,27,0301,270301,223,Killeen City Council,Rivera,,N,10
Bell,27,0302,270302,224,Killeen City Council,Rivera,,N,21
Bell,27,0303,270303,225,Killeen City Council,Rivera,,N,14
Bell,27,0304,270304,226,Killeen City Council,Rivera,,N,3
Bell,27,0305,270305,227,Killeen City Council,Rivera,,N,12
Bell,27,0306,270306,228,Killeen City Council,Rivera,,N,7
Bell,27,0307,270307,229,Killeen City Council,Rivera,,N,13
Bell,27,0308,270308,230,Killeen City Council,Rivera,,N,16
Bell,27,0309,270309,231,Killeen City Council,Rivera,,N,3
Bell,27,0310,270310,232,Killeen City Council,Rivera,,N,1
Bell,27,0311,270311,233,Killeen City Council,Rivera,,N,10
Bell,27,0312,270312,234,Killeen City Council,Rivera,,N,5
Bell,27,0313,270313,235,Killeen City Council,Rivera,,N,17
Bell,27,0314,270314,236,Killeen City Council,Rivera,,N,10
Bell,27,0315,270315,237,Killeen City Council,Rivera,,N,10
Bell,27,0317,270317,238,Killeen City Council,Rivera,,N,5
Bell,27,0318,270318,239,Killeen City Council,Rivera,,N,12
Bell,27,0319,270319,240,Killeen City Council,Rivera,,N,14
Bell,27,0401,270401,241,Killeen City Council,Rivera,,N,15
Bell,27,0402,270402,242,Killeen City Council,Rivera,,N,22
Bell,27,0404,270404,243,Killeen City Council,Rivera,,N,46
Bell,27,0405,270405,244,Killeen City Council,Rivera,,N,26
Bell,27,0406,270406,245,Killeen City Council,Rivera,,N,49
Bell,27,0408,270408,246,Killeen City Council,Rivera,,N,42
Bell,27,0409,270409,247,Killeen City Council,Rivera,,N,13
Bell,27,0410,270410,248,Killeen City Council,Rivera,,N,17
Bell,27,0412,270412,249,Killeen City Council,Rivera,,N,28
Bell,27,0413,270413,250,Killeen City Council,Rivera,,N,16
Bell,27,0414,270414,251,Killeen City Council,Rivera,,N,32
Bell,27,0415,270415,252,Killeen City Council,Rivera,,N,44
Bell,27,0419,270419,253,Killeen City Council,Rivera,,N,6
Bell,27,0101,270101,189,Killeen City Council,Purser,,N,11
Bell,27,0102,270102,190,Killeen City Council,Purser,,N,8
Bell,27,0103,270103,191,Killeen City Council,Purser,,N,3
Bell,27,0104,270104,192,Killeen City Council,Purser,,N,9
Bell,27,0105,270105,193,Killeen City Council,Purser,,N,6
Bell,27,0106,270106,194,Killeen City Council,Purser,,N,26
Bell,27,0107,270107,195,Killeen City Council,Purser,,N,1
Bell,27,0108,270108,196,Killeen City Council,Purser,,N,2
Bell,27,0109,270109,197,Killeen City Council,Purser,,N,31
Bell,27,0110,270110,198,Killeen City Council,Purser,,N,6
Bell,27,0111,270111,199,Killeen City Council,Purser,,N,7
Bell,27,0113,270113,200,Killeen City Council,Purser,,N,6
Bell,27,0114,270114,201,Killeen City Council,Purser,,N,9
Bell,27,0115,270115,202,Killeen City Council,Purser,,N,16
Bell,27,0116,270116,203,Killeen City Council,Purser,,N,16
Bell,27,0117,270117,204,Killeen City Council,Purser,,N,0
Bell,27,0118,270118,205,Killeen City Council,Purser,,N,3
Bell,27,0119,270119,206,Killeen City Council,Purser,,N,7
Bell,27,0201,270201,207,Killeen City Council,Purser,,N,15
Bell,27,0202,270202,208,Killeen City Council,Purser,,N,13
Bell,27,0203,270203,209,Killeen City Council,Purser,,N,13
Bell,27,0204,270204,210,Killeen City Council,Purser,,N,7
Bell,27,0205,270205,211,Killeen City Council,Purser,,N,28
Bell,27,0206,270206,212,Killeen City Council,Purser,,N,20
Bell,27,0207,270207,213,Killeen City Council,Purser,,N,25
Bell,27,0208,270208,214,Killeen City Council,Purser,,N,14
Bell,27,0209,270209,215,Killeen City Council,Purser,,N,8
Bell,27,0210,270210,216,Killeen City Council,Purser,,N,13
Bell,27,0211,270211,217,Killeen City Council,Purser,,N,7
Bell,27,0212,270212,218,Killeen City Council,Purser,,N,4
Bell,27,0213,270213,219,Killeen City Council,Purser,,N,14
Bell,27,0214,270214,220,Killeen City Council,Purser,,N,14
Bell,27,0215,270215,221,Killeen City Council,Purser,,N,19
Bell,27,0216,270216,222,Killeen City Council,Purser,,N,15
Bell,27,0301,270301,223,Killeen City Council,Purser,,N,8
Bell,27,0302,270302,224,Killeen City Council,Purser,,N,17
Bell,27,0303,270303,225,Killeen City Council,Purser,,N,6
Bell,27,0304,270304,226,Killeen City Council,Purser,,N,0
Bell,27,0305,270305,227,Killeen City Council,Purser,,N,6
Bell,27,0306,270306,228,Killeen City Council,Purser,,N,6
Bell,27,0307,270307,229,Killeen City Council,Purser,,N,7
Bell,27,0308,270308,230,Killeen City Council,Purser,,N,11
Bell,27,0309,270309,231,Killeen City Council,Purser,,N,3
Bell,27,0310,270310,232,Killeen City Council,Purser,,N,1
Bell,27,0311,270311,233,Killeen City Council,Purser,,N,9
Bell,27,0312,270312,234,Killeen City Council,Purser,,N,4
Bell,27,0313,270313,235,Killeen City Council,Purser,,N,15
Bell,27,0314,270314,236,Killeen City Council,Purser,,N,4
Bell,27,0315,270315,237,Killeen City Council,Purser,,N,8
Bell,27,0317,270317,238,Killeen City Council,Purser,,N,2
Bell,27,0318,270318,239,Killeen City Council,Purser,,N,12
Bell,27,0319,270319,240,Killeen City Council,Purser,,N,6
Bell,27,0401,270401,241,Killeen City Council,Purser,,N,9
Bell,27,0402,270402,242,Killeen City Council,Purser,,N,21
Bell,27,0404,270404,243,Killeen City Council,Purser,,N,24
Bell,27,0405,270405,244,Killeen City Council,Purser,,N,16
Bell,27,0406,270406,245,Killeen City Council,Purser,,N,39
Bell,27,0408,270408,246,Killeen City Council,Purser,,N,32
Bell,27,0409,270409,247,Killeen City Council,Purser,,N,7
Bell,27,0410,270410,248,Killeen City Council,Purser,,N,19
Bell,27,0412,270412,249,Killeen City Council,Purser,,N,17
Bell,27,0413,270413,250,Killeen City Council,Purser,,N,9
Bell,27,0414,270414,251,Killeen City Council,Purser,,N,17
Bell,27,0415,270415,252,Killeen City Council,Purser,,N,27
Bell,27,0419,270419,253,Killeen City Council,Purser,,N,5
Bell,27,0101,270101,189,Killeen City Council,Blackstone,,N,9
Bell,27,0102,270102,190,Killeen City Council,Blackstone,,N,27
Bell,27,0103,270103,191,Killeen City Council,Blackstone,,N,12
Bell,27,0104,270104,192,Killeen City Council,Blackstone,,N,15
Bell,27,0105,270105,193,Killeen City Council,Blackstone,,N,11
Bell,27,0106,270106,194,Killeen City Council,Blackstone,,N,82
Bell,27,0107,270107,195,Killeen City Council,Blackstone,,N,3
Bell,27,0108,270108,196,Killeen City Council,Blackstone,,N,4
Bell,27,0109,270109,197,Killeen City Council,Blackstone,,N,49
Bell,27,0110,270110,198,Killeen City Council,Blackstone,,N,13
Bell,27,0111,270111,199,Killeen City Council,Blackstone,,N,16
Bell,27,0113,270113,200,Killeen City Council,Blackstone,,N,25
Bell,27,0114,270114,201,Killeen City Council,Blackstone,,N,16
Bell,27,0115,270115,202,Killeen City Council,Blackstone,,N,20
Bell,27,0116,270116,203,Killeen City Council,Blackstone,,N,28
Bell,27,0117,270117,204,Killeen City Council,Blackstone,,N,0
Bell,27,0118,270118,205,Killeen City Council,Blackstone,,N,11
Bell,27,0119,270119,206,Killeen City Council,Blackstone,,N,7
Bell,27,0201,270201,207,Killeen City Council,Blackstone,,N,38
Bell,27,0202,270202,208,Killeen City Council,Blackstone,,N,23
Bell,27,0203,270203,209,Killeen City Council,Blackstone,,N,24
Bell,27,0204,270204,210,Killeen City Council,Blackstone,,N,19
Bell,27,0205,270205,211,Killeen City Council,Blackstone,,N,81
Bell,27,0206,270206,212,Killeen City Council,Blackstone,,N,27
Bell,27,0207,270207,213,Killeen City Council,Blackstone,,N,43
Bell,27,0208,270208,214,Killeen City Council,Blackstone,,N,55
Bell,27,0209,270209,215,Killeen City Council,Blackstone,,N,22
Bell,27,0210,270210,216,Killeen City Council,Blackstone,,N,13
Bell,27,0211,270211,217,Killeen City Council,Blackstone,,N,7
Bell,27,0212,270212,218,Killeen City Council,Blackstone,,N,6
Bell,27,0213,270213,219,Killeen City Council,Blackstone,,N,38
Bell,27,0214,270214,220,Killeen City Council,Blackstone,,N,17
Bell,27,0215,270215,221,Killeen City Council,Blackstone,,N,35
Bell,27,0216,270216,222,Killeen City Council,Blackstone,,N,23
Bell,27,0301,270301,223,Killeen City Council,Blackstone,,N,21
Bell,27,0302,270302,224,Killeen City Council,Blackstone,,N,28
Bell,27,0303,270303,225,Killeen City Council,Blackstone,,N,35
Bell,27,0304,270304,226,Killeen City Council,Blackstone,,N,2
Bell,27,0305,270305,227,Killeen City Council,Blackstone,,N,17
Bell,27,0306,270306,228,Killeen City Council,Blackstone,,N,13
Bell,27,0307,270307,229,Killeen City Council,Blackstone,,N,18
Bell,27,0308,270308,230,Killeen City Council,Blackstone,,N,21
Bell,27,0309,270309,231,Killeen City Council,Blackstone,,N,9
Bell,27,0310,270310,232,Killeen City Council,Blackstone,,N,0
Bell,27,0311,270311,233,Killeen City Council,Blackstone,,N,16
Bell,27,0312,270312,234,Killeen City Council,Blackstone,,N,17
Bell,27,0313,270313,235,Killeen City Council,Blackstone,,N,23
Bell,27,0314,270314,236,Killeen City Council,Blackstone,,N,26
Bell,27,0315,270315,237,Killeen City Council,Blackstone,,N,11
Bell,27,0317,270317,238,Killeen City Council,Blackstone,,N,5
Bell,27,0318,270318,239,Killeen City Council,Blackstone,,N,14
Bell,27,0319,270319,240,Killeen City Council,Blackstone,,N,17
Bell,27,0401,270401,241,Killeen City Council,Blackstone,,N,16
Bell,27,0402,270402,242,Killeen City Council,Blackstone,,N,20
Bell,27,0404,270404,243,Killeen City Council,Blackstone,,N,65
Bell,27,0405,270405,244,Killeen City Council,Blackstone,,N,39
Bell,27,0406,270406,245,Killeen City Council,Blackstone,,N,88
Bell,27,0408,270408,246,Killeen City Council,Blackstone,,N,76
Bell,27,0409,270409,247,Killeen City Council,Blackstone,,N,19
Bell,27,0410,270410,248,Killeen City Council,Blackstone,,N,32
Bell,27,0412,270412,249,Killeen City Council,Blackstone,,N,50
Bell,27,0413,270413,250,Killeen City Council,Blackstone,,N,11
Bell,27,0414,270414,251,Killeen City Council,Blackstone,,N,41
Bell,27,0415,270415,252,Killeen City Council,Blackstone,,N,56
Bell,27,0419,270419,253,Killeen City Council,Blackstone,,N,17
Bell,27,0101,270101,189,Killeen City Council,Doyle,,N,11
Bell,27,0102,270102,190,Killeen City Council,Doyle,,N,10
Bell,27,0103,270103,191,Killeen City Council,Doyle,,N,4
Bell,27,0104,270104,192,Killeen City Council,Doyle,,N,11
Bell,27,0105,270105,193,Killeen City Council,Doyle,,N,3
Bell,27,0106,270106,194,Killeen City Council,Doyle,,N,24
Bell,27,0107,270107,195,Killeen City Council,Doyle,,N,0
Bell,27,0108,270108,196,Killeen City Council,Doyle,,N,3
Bell,27,0109,270109,197,Killeen City Council,Doyle,,N,19
Bell,27,0110,270110,198,Killeen City Council,Doyle,,N,6
Bell,27,0111,270111,199,Killeen City Council,Doyle,,N,10
Bell,27,0113,270113,200,Killeen City Council,Doyle,,N,7
Bell,27,0114,270114,201,Killeen City Council,Doyle,,N,9
Bell,27,0115,270115,202,Killeen City Council,Doyle,,N,14
Bell,27,0116,270116,203,Killeen City Council,Doyle,,N,13
Bell,27,0117,270117,204,Killeen City Council,Doyle,,N,0
Bell,27,0118,270118,205,Killeen City Council,Doyle,,N,3
Bell,27,0119,270119,206,Killeen City Council,Doyle,,N,5
Bell,27,0201,270201,207,Killeen City Council,Doyle,,N,15
Bell,27,0202,270202,208,Killeen City Council,Doyle,,N,12
Bell,27,0203,270203,209,Killeen City Council,Doyle,,N,16
Bell,27,0204,270204,210,Killeen City Council,Doyle,,N,7
Bell,27,0205,270205,211,Killeen City Council,Doyle,,N,38
Bell,27,0206,270206,212,Killeen City Council,Doyle,,N,19
Bell,27,0207,270207,213,Killeen City Council,Doyle,,N,35
Bell,27,0208,270208,214,Killeen City Council,Doyle,,N,35
Bell,27,0209,270209,215,Killeen City Council,Doyle,,N,11
Bell,27,0210,270210,216,Killeen City Council,Doyle,,N,10
Bell,27,0211,270211,217,Killeen City Council,Doyle,,N,6
Bell,27,0212,270212,218,Killeen City Council,Doyle,,N,2
Bell,27,0213,270213,219,Killeen City Council,Doyle,,N,27
Bell,27,0214,270214,220,Killeen City Council,Doyle,,N,15
Bell,27,0215,270215,221,Killeen City Council,Doyle,,N,22
Bell,27,0216,270216,222,Killeen City Council,Doyle,,N,10
Bell,27,0301,270301,223,Killeen City Council,Doyle,,N,12
Bell,27,0302,270302,224,Killeen City Council,Doyle,,N,15
Bell,27,0303,270303,225,Killeen City Council,Doyle,,N,9
Bell,27,0304,270304,226,Killeen City Council,Doyle,,N,0
Bell,27,0305,270305,227,Killeen City Council,Doyle,,N,7
Bell,27,0306,270306,228,Killeen City Council,Doyle,,N,6
Bell,27,0307,270307,229,Killeen City Council,Doyle,,N,10
Bell,27,0308,270308,230,Killeen City Council,Doyle,,N,16
Bell,27,0309,270309,231,Killeen City Council,Doyle,,N,3
Bell,27,0310,270310,232,Killeen City Council,Doyle,,N,1
Bell,27,0311,270311,233,Killeen City Council,Doyle,,N,5
Bell,27,0312,270312,234,Killeen City Council,Doyle,,N,3
Bell,27,0313,270313,235,Killeen City Council,Doyle,,N,10
Bell,27,0314,270314,236,Killeen City Council,Doyle,,N,5
Bell,27,0315,270315,237,Killeen City Council,Doyle,,N,8
Bell,27,0317,270317,238,Killeen City Council,Doyle,,N,3
Bell,27,0318,270318,239,Killeen City Council,Doyle,,N,10
Bell,27,0319,270319,240,Killeen City Council,Doyle,,N,5
Bell,27,0401,270401,241,Killeen City Council,Doyle,,N,8
Bell,27,0402,270402,242,Killeen City Council,Doyle,,N,19
Bell,27,0404,270404,243,Killeen City Council,Doyle,,N,25
Bell,27,0405,270405,244,Killeen City Council,Doyle,,N,20
Bell,27,0406,270406,245,Killeen City Council,Doyle,,N,25
Bell,27,0408,270408,246,Killeen City Council,Doyle,,N,33
Bell,27,0409,270409,247,Killeen City Council,Doyle,,N,10
Bell,27,0410,270410,248,Killeen City Council,Doyle,,N,12
Bell,27,0412,270412,249,Killeen City Council,Doyle,,N,12
Bell,27,0413,270413,250,Killeen City Council,Doyle,,N,13
Bell,27,0414,270414,251,Killeen City Council,Doyle,,N,21
Bell,27,0415,270415,252,Killeen City Council,Doyle,,N,25
Bell,27,0419,270419,253,Killeen City Council,Doyle,,N,9
Bell,27,0101,270101,189,Killeen City Council,Foster,,N,10
Bell,27,0102,270102,190,Killeen City Council,Foster,,N,14
Bell,27,0103,270103,191,Killeen City Council,Foster,,N,3
Bell,27,0104,270104,192,Killeen City Council,Foster,,N,11
Bell,27,0105,270105,193,Killeen City Council,Foster,,N,8
Bell,27,0106,270106,194,Killeen City Council,Foster,,N,44
Bell,27,0107,270107,195,Killeen City Council,Foster,,N,2
Bell,27,0108,270108,196,Killeen City Council,Foster,,N,5
Bell,27,0109,270109,197,Killeen City Council,Foster,,N,35
Bell,27,0110,270110,198,Killeen City Council,Foster,,N,7
Bell,27,0111,270111,199,Killeen City Council,Foster,,N,11
Bell,27,0113,270113,200,Killeen City Council,Foster,,N,15
Bell,27,0114,270114,201,Killeen City Council,Foster,,N,13
Bell,27,0115,270115,202,Killeen City Council,Foster,,N,17
Bell,27,0116,270116,203,Killeen City Council,Foster,,N,18
Bell,27,0117,270117,204,Killeen City Council,Foster,,N,0
Bell,27,0118,270118,205,Killeen City Council,Foster,,N,5
Bell,27,0119,270119,206,Killeen City Council,Foster,,N,8
Bell,27,0201,270201,207,Killeen City Council,Foster,,N,28
Bell,27,0202,270202,208,Killeen City Council,Foster,,N,17
Bell,27,0203,270203,209,Killeen City Council,Foster,,N,18
Bell,27,0204,270204,210,Killeen City Council,Foster,,N,14
Bell,27,0205,270205,211,Killeen City Council,Foster,,N,49
Bell,27,0206,270206,212,Killeen City Council,Foster,,N,24
Bell,27,0207,270207,213,Killeen City Council,Foster,,N,33
Bell,27,0208,270208,214,Killeen City Council,Foster,,N,29
Bell,27,0209,270209,215,Killeen City Council,Foster,,N,16
Bell,27,0210,270210,216,Killeen City Council,Foster,,N,14
Bell,27,0211,270211,217,Killeen City Council,Foster,,N,7
Bell,27,0212,270212,218,Killeen City Council,Foster,,N,5
Bell,27,0213,270213,219,Killeen City Council,Foster,,N,29
Bell,27,0214,270214,220,Killeen City Council,Foster,,N,14
Bell,27,0215,270215,221,Killeen City Council,Foster,,N,27
Bell,27,0216,270216,222,Killeen City Council,Foster,,N,22
Bell,27,0301,270301,223,Killeen City Council,Foster,,N,14
Bell,27,0302,270302,224,Killeen City Council,Foster,,N,19
Bell,27,0303,270303,225,Killeen City Council,Foster,,N,20
Bell,27,0304,270304,226,Killeen City Council,Foster,,N,1
Bell,27,0305,270305,227,Killeen City Council,Foster,,N,11
Bell,27,0306,270306,228,Killeen City Council,Foster,,N,9
Bell,27,0307,270307,229,Killeen City Council,Foster,,N,8
Bell,27,0308,270308,230,Killeen City Council,Foster,,N,13
Bell,27,0309,270309,231,Killeen City Council,Foster,,N,3
Bell,27,0310,270310,232,Killeen City Council,Foster,,N,3
Bell,27,0311,270311,233,Killeen City Council,Foster,,N,11
Bell,27,0312,270312,234,Killeen City Council,Foster,,N,5
Bell,27,0313,270313,235,Killeen City Council,Foster,,N,26
Bell,27,0314,270314,236,Killeen City Council,Foster,,N,14
Bell,27,0315,270315,237,Killeen City Council,Foster,,N,6
Bell,27,0317,270317,238,Killeen City Council,Foster,,N,8
Bell,27,0318,270318,239,Killeen City Council,Foster,,N,14
Bell,27,0319,270319,240,Killeen City Council,Foster,,N,9
Bell,27,0401,270401,241,Killeen City Council,Foster,,N,10
Bell,27,0402,270402,242,Killeen City Council,Foster,,N,20
Bell,27,0404,270404,243,Killeen City Council,Foster,,N,38
Bell,27,0405,270405,244,Killeen City Council,Foster,,N,33
Bell,27,0406,270406,245,Killeen City Council,Foster,,N,68
Bell,27,0408,270408,246,Killeen City Council,Foster,,N,48
Bell,27,0409,270409,247,Killeen City Council,Foster,,N,18
Bell,27,0410,270410,248,Killeen City Council,Foster,,N,31
Bell,27,0412,270412,249,Killeen City Council,Foster,,N,26
Bell,27,0413,270413,250,Killeen City Council,Foster,,N,13
Bell,27,0414,270414,251,Killeen City Council,Foster,,N,31
Bell,27,0415,270415,252,Killeen City Council,Foster,,N,43
Bell,27,0419,270419,253,Killeen City Council,Foster,,N,9
Bell,27,0101,270101,189,Killeen City Council,Okray,,N,12
Bell,27,0102,270102,190,Killeen City Council,Okray,,N,21
Bell,27,0103,270103,191,Killeen City Council,Okray,,N,11
Bell,27,0104,270104,192,Killeen City Council,Okray,,N,18
Bell,27,0105,270105,193,Killeen City Council,Okray,,N,7
Bell,27,0106,270106,194,Killeen City Council,Okray,,N,75
Bell,27,0107,270107,195,Killeen City Council,Okray,,N,0
Bell,27,0108,270108,196,Killeen City Council,Okray,,N,10
Bell,27,0109,270109,197,Killeen City Council,Okray,,N,72
Bell,27,0110,270110,198,Killeen City Council,Okray,,N,8
Bell,27,0111,270111,199,Killeen City Council,Okray,,N,8
Bell,27,0113,270113,200,Killeen City Council,Okray,,N,16
Bell,27,0114,270114,201,Killeen City Council,Okray,,N,11
Bell,27,0115,270115,202,Killeen City Council,Okray,,N,20
Bell,27,0116,270116,203,Killeen City Council,Okray,,N,22
Bell,27,0117,270117,204,Killeen City Council,Okray,,N,0
Bell,27,0118,270118,205,Killeen City Council,Okray,,N,8
Bell,27,0119,270119,206,Killeen City Council,Okray,,N,5
Bell,27,0201,270201,207,Killeen City Council,Okray,,N,26
Bell,27,0202,270202,208,Killeen City Council,Okray,,N,22
Bell,27,0203,270203,209,Killeen City Council,Okray,,N,24
Bell,27,0204,270204,210,Killeen City Council,Okray,,N,15
Bell,27,0205,270205,211,Killeen City Council,Okray,,N,80
Bell,27,0206,270206,212,Killeen City Council,Okray,,N,32
Bell,27,0207,270207,213,Killeen City Council,Okray,,N,40
Bell,27,0208,270208,214,Killeen City Council,Okray,,N,45
Bell,27,0209,270209,215,Killeen City Council,Okray,,N,21
Bell,27,0210,270210,216,Killeen City Council,Okray,,N,24
Bell,27,0211,270211,217,Killeen City Council,Okray,,N,8
Bell,27,0212,270212,218,Killeen City Council,Okray,,N,3
Bell,27,0213,270213,219,Killeen City Council,Okray,,N,21
Bell,27,0214,270214,220,Killeen City Council,Okray,,N,18
Bell,27,0215,270215,221,Killeen City Council,Okray,,N,33
Bell,27,0216,270216,222,Killeen City Council,Okray,,N,19
Bell,27,0301,270301,223,Killeen City Council,Okray,,N,16
Bell,27,0302,270302,224,Killeen City Council,Okray,,N,23
Bell,27,0303,270303,225,Killeen City Council,Okray,,N,28
Bell,27,0304,270304,226,Killeen City Council,Okray,,N,2
Bell,27,0305,270305,227,Killeen City Council,Okray,,N,12
Bell,27,0306,270306,228,Killeen City Council,Okray,,N,14
Bell,27,0307,270307,229,Killeen City Council,Okray,,N,25
Bell,27,0308,270308,230,Killeen City Council,Okray,,N,13
Bell,27,0309,270309,231,Killeen City Council,Okray,,N,11
Bell,27,0310,270310,232,Killeen City Council,Okray,,N,2
Bell,27,0311,270311,233,Killeen City Council,Okray,,N,13
Bell,27,0312,270312,234,Killeen City Council,Okray,,N,8
Bell,27,0313,270313,235,Killeen City Council,Okray,,N,24
Bell,27,0314,270314,236,Killeen City Council,Okray,,N,17
Bell,27,0315,270315,237,Killeen City Council,Okray,,N,14
Bell,27,0317,270317,238,Killeen City Council,Okray,,N,6
Bell,27,0318,270318,239,Killeen City Council,Okray,,N,12
Bell,27,0319,270319,240,Killeen City Council,Okray,,N,12
Bell,27,0401,270401,241,Killeen City Council,Okray,,N,16
Bell,27,0402,270402,242,Killeen City Council,Okray,,N,29
Bell,27,0404,270404,243,Killeen City Council,Okray,,N,49
Bell,27,0405,270405,244,Killeen City Council,Okray,,N,31
Bell,27,0406,270406,245,Killeen City Council,Okray,,N,50
Bell,27,0408,270408,246,Killeen City Council,Okray,,N,49
Bell,27,0409,270409,247,Killeen City Council,Okray,,N,18
Bell,27,0410,270410,248,Killeen City Council,Okray,,N,33
Bell,27,0412,270412,249,Killeen City Council,Okray,,N,40
Bell,27,0413,270413,250,Killeen City Council,Okray,,N,16
Bell,27,0414,270414,251,Killeen City Council,Okray,,N,34
Bell,27,0415,270415,252,Killeen City Council,Okray,,N,44
Bell,27,0419,270419,253,Killeen City Council,Okray,,N,9
Bexar,29,3001,293001,608,San Antonio Council 9,Clark,,N,8
Bexar,29,3006,293006,613,San Antonio Council 9,Clark,,N,3
Bexar,29,3007,293007,614,San Antonio Council 9,Clark,,N,5
Bexar,29,3011,293011,618,San Antonio Council 9,Clark,,N,7
Bexar,29,3014,293014,621,San Antonio Council 9,Clark,,N,0
Bexar,29,3016,293016,623,San Antonio Council 9,Clark,,N,0
Bexar,29,3030,293030,637,San Antonio Council 9,Clark,,N,7
Bexar,29,3031,293031,638,San Antonio Council 9,Clark,,N,0
Bexar,29,3033,293033,640,San Antonio Council 9,Clark,,N,3
Bexar,29,3037,293037,644,San Antonio Council 9,Clark,,N,0
Bexar,29,3042,293042,649,San Antonio Council 9,Clark,,N,4
Bexar,29,3044,293044,651,San Antonio Council 9,Clark,,N,0
Bexar,29,3045,293045,652,San Antonio Council 9,Clark,,N,4
Bexar,29,3052,293052,659,San Antonio Council 9,Clark,,N,2
Bexar,29,3059,293059,666,San Antonio Council 9,Clark,,N,1
Bexar,29,3062,293062,669,San Antonio Council 9,Clark,,N,0
Bexar,29,3063,293063,670,San Antonio Council 9,Clark,,N,10
Bexar,29,3064,293064,671,San Antonio Council 9,Clark,,N,3
Bexar,29,3065,293065,672,San Antonio Council 9,Clark,,N,4
Bexar,29,3066,293066,673,San Antonio Council 9,Clark,,N,4
Bexar,29,3068,293068,675,San Antonio Council 9,Clark,,N,8
Bexar,29,3069,293069,676,San Antonio Council 9,Clark,,N,9
Bexar,29,3072,293072,679,San Antonio Council 9,Clark,,N,0
Bexar,29,3076,293076,683,San Antonio Council 9,Clark,,N,4
Bexar,29,3078,293078,685,San Antonio Council 9,Clark,,N,8
Bexar,29,3079,293079,686,San Antonio Council 9,Clark,,N,6
Bexar,29,3080,293080,687,San Antonio Council 9,Clark,,N,0
Bexar,29,3081,293081,688,San Antonio Council 9,Clark,,N,9
Bexar,29,3083,293083,690,San Antonio Council 9,Clark,,N,9
Bexar,29,3092,293092,699,San Antonio Council 9,Clark,,N,0
Bexar,29,3093,293093,700,San Antonio Council 9,Clark,,N,5
Bexar,29,3097,293097,704,San Antonio Council 9,Clark,,N,0
Bexar,29,3102,293102,709,San Antonio Council 9,Clark,,N,6
Bexar,29,3104,293104,711,San Antonio Council 9,Clark,,N,5
Bexar,29,3111,293111,718,San Antonio Council 9,Clark,,N,0
Bexar,29,3114,293114,721,San Antonio Council 9,Clark,,N,5
Bexar,29,3117,293117,724,San Antonio Council 9,Clark,,N,10
Bexar,29,3119,293119,726,San Antonio Council 9,Clark,,N,9
Bexar,29,3121,293121,728,San Antonio Council 9,Clark,,N,2
Bexar,29,3122,293122,729,San Antonio Council 9,Clark,,N,14
Bexar,29,3125,293125,732,San Antonio Council 9,Clark,,N,0
Bexar,29,3127,293127,734,San Antonio Council 9,Clark,,N,2
Bexar,29,3130,293130,737,San Antonio Council 9,Clark,,N,9
Bexar,29,3131,293131,738,San Antonio Council 9,Clark,,N,0
Bexar,29,3132,293132,739,San Antonio Council 9,Clark,,N,1
Bexar,29,3136,293136,743,San Antonio Council 9,Clark,,N,5
Bexar,29,3138,293138,745,San Antonio Council 9,Clark,,N,0
Bexar,29,3139A,293139A,746,San Antonio Council 9,Clark,,N,1
Bexar,29,3139B,293139B,747,San Antonio Council 9,Clark,,N,0
Bexar,29,3139C,293139C,748,San Antonio Council 9,Clark,,N,0
Bexar,29,3145,293145,754,San Antonio Council 9,Clark,,N,1
Bexar,29,3150,293150,759,San Antonio Council 9,Clark,,N,2
Bexar,29,3154,293154,763,San Antonio Council 9,Clark,,N,6
Bexar,29,3155,293155,764,San Antonio Council 9,Clark,,N,5
Bexar,29,3161,293161,770,San Antonio Council 9,Clark,,N,6
Bexar,29,3163,293163,772,San Antonio Council 9,Clark,,N,10
Bexar,29,3165,293165,774,San Antonio Council 9,Clark,,N,5
Bexar,29,3173,293173,782,San Antonio Council 9,Clark,,N,8
Bexar,29,3179,293179,788,San Antonio Council 9,Clark,,N,0
Bexar,29,3181,293181,790,San Antonio Council 9,Clark,,N,7
Bexar,29,3182,293182,791,San Antonio Council 9,Clark,,N,1
Bexar,29,3192,293192,801,San Antonio Council 9,Clark,,N,0
Bexar,29,3193,293193,802,San Antonio Council 9,Clark,,N,0
Bexar,29,3001,293001,608,San Antonio Council 9,Krier,,N,91
Bexar,29,3006,293006,613,San Antonio Council 9,Krier,,N,70
Bexar,29,3007,293007,614,San Antonio Council 9,Krier,,N,25
Bexar,29,3011,293011,618,San Antonio Council 9,Krier,,N,81
Bexar,29,3014,293014,621,San Antonio Council 9,Krier,,N,27
Bexar,29,3016,293016,623,San Antonio Council 9,Krier,,N,0
Bexar,29,3030,293030,637,San Antonio Council 9,Krier,,N,104
Bexar,29,3031,293031,638,San Antonio Council 9,Krier,,N,2
Bexar,29,3033,293033,640,San Antonio Council 9,Krier,,N,116
Bexar,29,3037,293037,644,San Antonio Council 9,Krier,,N,1
Bexar,29,3042,293042,649,San Antonio Council 9,Krier,,N,37
Bexar,29,3044,293044,651,San Antonio Council 9,Krier,,N,75
Bexar,29,3045,293045,652,San Antonio Council 9,Krier,,N,78
Bexar,29,3052,293052,659,San Antonio Council 9,Krier,,N,21
Bexar,29,3059,293059,666,San Antonio Council 9,Krier,,N,17
Bexar,29,3062,293062,669,San Antonio Council 9,Krier,,N,4
Bexar,29,3063,293063,670,San Antonio Council 9,Krier,,N,88
Bexar,29,3064,293064,671,San Antonio Council 9,Krier,,N,16
Bexar,29,3065,293065,672,San Antonio Council 9,Krier,,N,50
Bexar,29,3066,293066,673,San Antonio Council 9,Krier,,N,110
Bexar,29,3068,293068,675,San Antonio Council 9,Krier,,N,19
Bexar,29,3069,293069,676,San Antonio Council 9,Krier,,N,204
Bexar,29,3072,293072,679,San Antonio Council 9,Krier,,N,0
Bexar,29,3076,293076,683,San Antonio Council 9,Krier,,N,73
Bexar,29,3078,293078,685,San Antonio Council 9,Krier,,N,113
Bexar,29,3079,293079,686,San Antonio Council 9,Krier,,N,170
Bexar,29,3080,293080,687,San Antonio Council 9,Krier,,N,53
Bexar,29,3081,293081,688,San Antonio Council 9,Krier,,N,61
Bexar,29,3083,293083,690,San Antonio Council 9,Krier,,N,64
Bexar,29,3092,293092,699,San Antonio Council 9,Krier,,N,0
Bexar,29,3093,293093,700,San Antonio Council 9,Krier,,N,50
Bexar,29,3097,293097,704,San Antonio Council 9,Krier,,N,0
Bexar,29,3102,293102,709,San Antonio Council 9,Krier,,N,144
Bexar,29,3104,293104,711,San Antonio Council 9,Krier,,N,145
Bexar,29,3111,293111,718,San Antonio Council 9,Krier,,N,0
Bexar,29,3114,293114,721,San Antonio Council 9,Krier,,N,70
Bexar,29,3117,293117,724,San Antonio Council 9,Krier,,N,165
Bexar,29,3119,293119,726,San Antonio Council 9,Krier,,N,55
Bexar,29,3121,293121,728,San Antonio Council 9,Krier,,N,37
Bexar,29,3122,293122,729,San Antonio Council 9,Krier,,N,47
Bexar,29,3125,293125,732,San Antonio Council 9,Krier,,N,0
Bexar,29,3127,293127,734,San Antonio Council 9,Krier,,N,32
Bexar,29,3130,293130,737,San Antonio Council 9,Krier,,N,134
Bexar,29,3131,293131,738,San Antonio Council 9,Krier,,N,44
Bexar,29,3132,293132,739,San Antonio Council 9,Krier,,N,13
Bexar,29,3136,293136,743,San Antonio Council 9,Krier,,N,29
Bexar,29,3138,293138,745,San Antonio Council 9,Krier,,N,3
Bexar,29,3139A,293139A,746,San Antonio Council 9,Krier,,N,15
Bexar,29,3139B,293139B,747,San Antonio Council 9,Krier,,N,1
Bexar,29,3139C,293139C,748,San Antonio Council 9,Krier,,N,1
Bexar,29,3145,293145,754,San Antonio Council 9,Krier,,N,61
Bexar,29,3150,293150,759,San Antonio Council 9,Krier,,N,0
Bexar,29,3154,293154,763,San Antonio Council 9,Krier,,N,90
Bexar,29,3155,293155,764,San Antonio Council 9,Krier,,N,75
Bexar,29,3161,293161,770,San Antonio Council 9,Krier,,N,66
Bexar,29,3163,293163,772,San Antonio Council 9,Krier,,N,91
Bexar,29,3165,293165,774,San Antonio Council 9,Krier,,N,51
Bexar,29,3173,293173,782,San Antonio Council 9,Krier,,N,44
Bexar,29,3179,293179,788,San Antonio Council 9,Krier,,N,0
Bexar,29,3181,293181,790,San Antonio Council 9,Krier,,N,74
Bexar,29,3182,293182,791,San Antonio Council 9,Krier,,N,53
Bexar,29,3192,293192,801,San Antonio Council 9,Krier,,N,0
Bexar,29,3193,293193,802,San Antonio Council 9,Krier,,N,7
Bexar,29,3001,293001,608,San Antonio Council 9,Martinez,,N,29
Bexar,29,3006,293006,613,San Antonio Council 9,Martinez,,N,33
Bexar,29,3007,293007,614,San Antonio Council 9,Martinez,,N,16
Bexar,29,3011,293011,618,San Antonio Council 9,Martinez,,N,27
Bexar,29,3014,293014,621,San Antonio Council 9,Martinez,,N,10
Bexar,29,3016,293016,623,San Antonio Council 9,Martinez,,N,0
Bexar,29,3030,293030,637,San Antonio Council 9,Martinez,,N,28
Bexar,29,3031,293031,638,San Antonio Council 9,Martinez,,N,0
Bexar,29,3033,293033,640,San Antonio Council 9,Martinez,,N,8
Bexar,29,3037,293037,644,San Antonio Council 9,Martinez,,N,1
Bexar,29,3042,293042,649,San Antonio Council 9,Martinez,,N,16
Bexar,29,3044,293044,651,San Antonio Council 9,Martinez,,N,5
Bexar,29,3045,293045,652,San Antonio Council 9,Martinez,,N,18
Bexar,29,3052,293052,659,San Antonio Council 9,Martinez,,N,9
Bexar,29,3059,293059,666,San Antonio Council 9,Martinez,,N,12
Bexar,29,3062,293062,669,San Antonio Council 9,Martinez,,N,1
Bexar,29,3063,293063,670,San Antonio Council 9,Martinez,,N,30
Bexar,29,3064,293064,671,San Antonio Council 9,Martinez,,N,10
Bexar,29,3065,293065,672,San Antonio Council 9,Martinez,,N,27
Bexar,29,3066,293066,673,San Antonio Council 9,Martinez,,N,25
Bexar,29,3068,293068,675,San Antonio Council 9,Martinez,,N,7
Bexar,29,3069,293069,676,San Antonio Council 9,Martinez,,N,60
Bexar,29,3072,293072,679,San Antonio Council 9,Martinez,,N,0
Bexar,29,3076,293076,683,San Antonio Council 9,Martinez,,N,22
Bexar,29,3078,293078,685,San Antonio Council 9,Martinez,,N,36
Bexar,29,3079,293079,686,San Antonio Council 9,Martinez,,N,65
Bexar,29,3080,293080,687,San Antonio Council 9,Martinez,,N,18
Bexar,29,3081,293081,688,San Antonio Council 9,Martinez,,N,55
Bexar,29,3083,293083,690,San Antonio Council 9,Martinez,,N,35
Bexar,29,3092,293092,699,San Antonio Council 9,Martinez,,N,0
Bexar,29,3093,293093,700,San Antonio Council 9,Martinez,,N,24
Bexar,29,3097,293097,704,San Antonio Council 9,Martinez,,N,0
Bexar,29,3102,293102,709,San Antonio Council 9,Martinez,,N,40
Bexar,29,3104,293104,711,San Antonio Council 9,Martinez,,N,50
Bexar,29,3111,293111,718,San Antonio Council 9,Martinez,,N,0
Bexar,29,3114,293114,721,San Antonio Council 9,Martinez,,N,36
Bexar,29,3117,293117,724,San Antonio Council 9,Martinez,,N,95
Bexar,29,3119,293119,726,San Antonio Council 9,Martinez,,N,11
Bexar,29,3121,293121,728,San Antonio Council 9,Martinez,,N,15
Bexar,29,3122,293122,729,San Antonio Council 9,Martinez,,N,31
Bexar,29,3125,293125,732,San Antonio Council 9,Martinez,,N,0
Bexar,29,3127,293127,734,San Antonio Council 9,Martinez,,N,17
Bexar,29,3130,293130,737,San Antonio Council 9,Martinez,,N,44
Bexar,29,3131,293131,738,San Antonio Council 9,Martinez,,N,8
Bexar,29,3132,293132,739,San Antonio Council 9,Martinez,,N,4
Bexar,29,3136,293136,743,San Antonio Council 9,Martinez,,N,6
Bexar,29,3138,293138,745,San Antonio Council 9,Martinez,,N,3
Bexar,29,3139A,293139A,746,San Antonio Council 9,Martinez,,N,6
Bexar,29,3139B,293139B,747,San Antonio Council 9,Martinez,,N,1
Bexar,29,3139C,293139C,748,San Antonio Council 9,Martinez,,N,1
Bexar,29,3145,293145,754,San Antonio Council 9,Martinez,,N,18
Bexar,29,3150,293150,759,San Antonio Council 9,Martinez,,N,1
Bexar,29,3154,293154,763,San Antonio Council 9,Martinez,,N,39
Bexar,29,3155,293155,764,San Antonio Council 9,Martinez,,N,26
Bexar,29,3161,293161,770,San Antonio Council 9,Martinez,,N,16
Bexar,29,3163,293163,772,San Antonio Council 9,Martinez,,N,16
Bexar,29,3165,293165,774,San Antonio Council 9,Martinez,,N,45
Bexar,29,3173,293173,782,San Antonio Council 9,Martinez,,N,17
Bexar,29,3179,293179,788,San Antonio Council 9,Martinez,,N,0
Bexar,29,3181,293181,790,San Antonio Council 9,Martinez,,N,30
Bexar,29,3182,293182,791,San Antonio Council 9,Martinez,,N,21
Bexar,29,3192,293192,801,San Antonio Council 9,Martinez,,N,0
Bexar,29,3193,293193,802,San Antonio Council 9,Martinez,,N,1
Bexar,29,3001,293001,608,San Antonio Council 9,Cecconi,,N,1
Bexar,29,3006,293006,613,San Antonio Council 9,Cecconi,,N,22
Bexar,29,3007,293007,614,San Antonio Council 9,Cecconi,,N,2
Bexar,29,3011,293011,618,San Antonio Council 9,Cecconi,,N,9
Bexar,29,3014,293014,621,San Antonio Council 9,Cecconi,,N,0
Bexar,29,3016,293016,623,San Antonio Council 9,Cecconi,,N,0
Bexar,29,3030,293030,637,San Antonio Council 9,Cecconi,,N,2
Bexar,29,3031,293031,638,San Antonio Council 9,Cecconi,,N,0
Bexar,29,3033,293033,640,San Antonio Council 9,Cecconi,,N,3
Bexar,29,3037,293037,644,San Antonio Council 9,Cecconi,,N,0
Bexar,29,3042,293042,649,San Antonio Council 9,Cecconi,,N,3
Bexar,29,3044,293044,651,San Antonio Council 9,Cecconi,,N,0
Bexar,29,3045,293045,652,San Antonio Council 9,Cecconi,,N,2
Bexar,29,3052,293052,659,San Antonio Council 9,Cecconi,,N,1
Bexar,29,3059,293059,666,San Antonio Council 9,Cecconi,,N,0
Bexar,29,3062,293062,669,San Antonio Council 9,Cecconi,,N,0
Bexar,29,3063,293063,670,San Antonio Council 9,Cecconi,,N,10
Bexar,29,3064,293064,671,San Antonio Council 9,Cecconi,,N,4
Bexar,29,3065,293065,672,San Antonio Council 9,Cecconi,,N,2
Bexar,29,3066,293066,673,San Antonio Council 9,Cecconi,,N,1
Bexar,29,3068,293068,675,San Antonio Council 9,Cecconi,,N,0
Bexar,29,3069,293069,676,San Antonio Council 9,Cecconi,,N,21
Bexar,29,3072,293072,679,San Antonio Council 9,Cecconi,,N,0
Bexar,29,3076,293076,683,San Antonio Council 9,Cecconi,,N,0
Bexar,29,3078,293078,685,San Antonio Council 9,Cecconi,,N,6
Bexar,29,3079,293079,686,San Antonio Council 9,Cecconi,,N,8
Bexar,29,3080,293080,687,San Antonio Council 9,Cecconi,,N,4
Bexar,29,3081,293081,688,San Antonio Council 9,Cecconi,,N,4
Bexar,29,3083,293083,690,San Antonio Council 9,Cecconi,,N,6
Bexar,29,3092,293092,699,San Antonio Council 9,Cecconi,,N,0
Bexar,29,3093,293093,700,San Antonio Council 9,Cecconi,,N,1
Bexar,29,3097,293097,704,San Antonio Council 9,Cecconi,,N,0
Bexar,29,3102,293102,709,San Antonio Council 9,Cecconi,,N,9
Bexar,29,3104,293104,711,San Antonio Council 9,Cecconi,,N,5
Bexar,29,3111,293111,718,San Antonio Council 9,Cecconi,,N,0
Bexar,29,3114,293114,721,San Antonio Council 9,Cecconi,,N,3
Bexar,29,3117,293117,724,San Antonio Council 9,Cecconi,,N,3
Bexar,29,3119,293119,726,San Antonio Council 9,Cecconi,,N,3
Bexar,29,3121,293121,728,San Antonio Council 9,Cecconi,,N,1
Bexar,29,3122,293122,729,San Antonio Council 9,Cecconi,,N,5
Bexar,29,3125,293125,732,San Antonio Council 9,Cecconi,,N,0
Bexar,29,3127,293127,734,San Antonio Council 9,Cecconi,,N,0
Bexar,29,3130,293130,737,San Antonio Council 9,Cecconi,,N,5
Bexar,29,3131,293131,738,San Antonio Council 9,Cecconi,,N,3
Bexar,29,3132,293132,739,San Antonio Council 9,Cecconi,,N,2
Bexar,29,3136,293136,743,San Antonio Council 9,Cecconi,,N,2
Bexar,29,3138,293138,745,San Antonio Council 9,Cecconi,,N,1
Bexar,29,3139A,293139A,746,San Antonio Council 9,Cecconi,,N,1
Bexar,29,3139B,293139B,747,San Antonio Council 9,Cecconi,,N,0
Bexar,29,3139C,293139C,748,San Antonio Council 9,Cecconi,,N,0
Bexar,29,3145,293145,754,San Antonio Council 9,Cecconi,,N,4
Bexar,29,3150,293150,759,San Antonio Council 9,Cecconi,,N,0
Bexar,29,3154,293154,763,San Antonio Council 9,Cecconi,,N,4
Bexar,29,3155,293155,764,San Antonio Council 9,Cecconi,,N,3
Bexar,29,3161,293161,770,San Antonio Council 9,Cecconi,,N,4
Bexar,29,3163,293163,772,San Antonio Council 9,Cecconi,,N,2
Bexar,29,3165,293165,774,San Antonio Council 9,Cecconi,,N,2
Bexar,29,3173,293173,782,San Antonio Council 9,Cecconi,,N,9
Bexar,29,3179,293179,788,San Antonio Council 9,Cecconi,,N,0
Bexar,29,3181,293181,790,San Antonio Council 9,Cecconi,,N,3
Bexar,29,3182,293182,791,San Antonio Council 9,Cecconi,,N,3
Bexar,29,3192,293192,801,San Antonio Council 9,Cecconi,,N,0
Bexar,29,3193,293193,802,San Antonio Council 9,Cecconi,,N,0
Bexar,29,3001,293001,608,San Antonio Council 9,Oroian,,N,13
Bexar,29,3006,293006,613,San Antonio Council 9,Oroian,,N,18
Bexar,29,3007,293007,614,San Antonio Council 9,Oroian,,N,11
Bexar,29,3011,293011,618,San Antonio Council 9,Oroian,,N,10
Bexar,29,3014,293014,621,San Antonio Council 9,Oroian,,N,3
Bexar,29,3016,293016,623,San Antonio Council 9,Oroian,,N,0
Bexar,29,3030,293030,637,San Antonio Council 9,Oroian,,N,32
Bexar,29,3031,293031,638,San Antonio Council 9,Oroian,,N,0
Bexar,29,3033,293033,640,San Antonio Council 9,Oroian,,N,4
Bexar,29,3037,293037,644,San Antonio Council 9,Oroian,,N,0
Bexar,29,3042,293042,649,San Antonio Council 9,Oroian,,N,5
Bexar,29,3044,293044,651,San Antonio Council 9,Oroian,,N,5
Bexar,29,3045,293045,652,San Antonio Council 9,Oroian,,N,23
Bexar,29,3052,293052,659,San Antonio Council 9,Oroian,,N,3
Bexar,29,3059,293059,666,San Antonio Council 9,Oroian,,N,9
Bexar,29,3062,293062,669,San Antonio Council 9,Oroian,,N,1
Bexar,29,3063,293063,670,San Antonio Council 9,Oroian,,N,20
Bexar,29,3064,293064,671,San Antonio Council 9,Oroian,,N,2
Bexar,29,3065,293065,672,San Antonio Council 9,Oroian,,N,9
Bexar,29,3066,293066,673,San Antonio Council 9,Oroian,,N,36
Bexar,29,3068,293068,675,San Antonio Council 9,Oroian,,N,6
Bexar,29,3069,293069,676,San Antonio Council 9,Oroian,,N,66
Bexar,29,3072,293072,679,San Antonio Council 9,Oroian,,N,0
Bexar,29,3076,293076,683,San Antonio Council 9,Oroian,,N,11
Bexar,29,3078,293078,685,San Antonio Council 9,Oroian,,N,23
Bexar,29,3079,293079,686,San Antonio Council 9,Oroian,,N,32
Bexar,29,3080,293080,687,San Antonio Council 9,Oroian,,N,15
Bexar,29,3081,293081,688,San Antonio Council 9,Oroian,,N,18
Bexar,29,3083,293083,690,San Antonio Council 9,Oroian,,N,15
Bexar,29,3092,293092,699,San Antonio Council 9,Oroian,,N,0
Bexar,29,3093,293093,700,San Antonio Council 9,Oroian,,N,55
Bexar,29,3097,293097,704,San Antonio Council 9,Oroian,,N,0
Bexar,29,3102,293102,709,San Antonio Council 9,Oroian,,N,28
Bexar,29,3104,293104,711,San Antonio Council 9,Oroian,,N,61
Bexar,29,3111,293111,718,San Antonio Council 9,Oroian,,N,0
Bexar,29,3114,293114,721,San Antonio Council 9,Oroian,,N,58
Bexar,29,3117,293117,724,San Antonio Council 9,Oroian,,N,53
Bexar,29,3119,293119,726,San Antonio Council 9,Oroian,,N,6
Bexar,29,3121,293121,728,San Antonio Council 9,Oroian,,N,12
Bexar,29,3122,293122,729,San Antonio Council 9,Oroian,,N,10
Bexar,29,3125,293125,732,San Antonio Council 9,Oroian,,N,0
Bexar,29,3127,293127,734,San Antonio Council 9,Oroian,,N,35
Bexar,29,3130,293130,737,San Antonio Council 9,Oroian,,N,22
Bexar,29,3131,293131,738,San Antonio Council 9,Oroian,,N,8
Bexar,29,3132,293132,739,San Antonio Council 9,Oroian,,N,4
Bexar,29,3136,293136,743,San Antonio Council 9,Oroian,,N,4
Bexar,29,3138,293138,745,San Antonio Council 9,Oroian,,N,1
Bexar,29,3139A,293139A,746,San Antonio Council 9,Oroian,,N,6
Bexar,29,3139B,293139B,747,San Antonio Council 9,Oroian,,N,0
Bexar,29,3139C,293139C,748,San Antonio Council 9,Oroian,,N,1
Bexar,29,3145,293145,754,San Antonio Council 9,Oroian,,N,23
Bexar,29,3150,293150,759,San Antonio Council 9,Oroian,,N,0
Bexar,29,3154,293154,763,San Antonio Council 9,Oroian,,N,17
Bexar,29,3155,293155,764,San Antonio Council 9,Oroian,,N,5
Bexar,29,3161,293161,770,San Antonio Council 9,Oroian,,N,20
Bexar,29,3163,293163,772,San Antonio Council 9,Oroian,,N,19
Bexar,29,3165,293165,774,San Antonio Council 9,Oroian,,N,17
Bexar,29,3173,293173,782,San Antonio Council 9,Oroian,,N,20
Bexar,29,3179,293179,788,San Antonio Council 9,Oroian,,N,0
Bexar,29,3181,293181,790,San Antonio Council 9,Oroian,,N,16
Bexar,29,3182,293182,791,San Antonio Council 9,Oroian,,N,7
Bexar,29,3192,293192,801,San Antonio Council 9,Oroian,,N,0
Bexar,29,3193,293193,802,San Antonio Council 9,Oroian,,N,1
Dallas,113,4502,1134502,2809,Grand Prairie C.C. 3,Thorn,,N,121
Dallas,113,4505,1134505,2812,Grand Prairie C.C. 3,Thorn,,N,148
Dallas,113,4506,1134506,2813,Grand Prairie C.C. 3,Thorn,,N,11
Dallas,113,4510,1134510,2817,Grand Prairie C.C. 3,Thorn,,N,36
Dallas,113,4518,1134518,2825,Irving City Council 3,Hickman,,N,0
Dallas,113,4519,1134519,2826,Grand Prairie C.C. 3,Thorn,,N,198
Dallas,113,4520,1134520,2827,Grand Prairie C.C. 3,Thorn,,N,31
Dallas,113,4521,1134521,2828,Grand Prairie C.C. 3,Thorn,,N,215
Dallas,113,4525,1134525,2831,Grand Prairie C.C. 3,Thorn,,N,13
Dallas,113,4528,1134528,2833,Grand Prairie C.C. 3,Thorn,,N,0
Dallas,113,4529,1134529,2834,Grand Prairie C.C. 3,Thorn,,N,20
Dallas,113,4535,1134535,2840,Grand Prairie C.C. 3,Thorn,,N,29
Dallas,113,4536,1134536,2841,Grand Prairie C.C. 3,Thorn,,N,6
Dallas,113,4538,1134538,2843,Grand Prairie C.C. 3,Thorn,,N,10
Dallas,113,4608,1134608,2860,Irving City Council 3,Hickman,,N,53
Dallas,113,4609,1134609,2861,Irving City Council 3,Hickman,,N,17
Dallas,113,4621,1134621,2873,Irving City Council 3,Hickman,,N,77
Dallas,113,4622,1134622,2874,Irving City Council 3,Hickman,,N,108
Dallas,113,4628,1134628,2880,Irving City Council 3,Hickman,,N,24
Dallas,113,4632,1134632,2884,Irving City Council 3,Hickman,,N,17
Dallas,113,4644,1134644,2891,Irving City Council 3,Hickman,,N,0
Dallas,113,4648,1134648,2893,Irving City Council 3,Hickman,,N,30
Dallas,113,4673,1134673,2911,Irving City Council 3,Hickman,,N,0
Dallas,113,4674,1134674,2912,Irving City Council 3,Hickman,,N,0
Dallas,113,4677,1134677,2914,Irving City Council 3,Hickman,,N,0
Dallas,113,4678,1134678,2915,Irving City Council 3,Hickman,,N,0
Dallas,113,4502,1134502,2809,Grand Prairie C.C. 3,Del Bosque,,N,66
Dallas,113,4505,1134505,2812,Grand Prairie C.C. 3,Del Bosque,,N,56
Dallas,113,4506,1134506,2813,Grand Prairie C.C. 3,Del Bosque,,N,3
Dallas,113,4510,1134510,2817,Grand Prairie C.C. 3,Del Bosque,,N,29
Dallas,113,4518,1134518,2825,Irving City Council 3,Webb,,N,0
Dallas,113,4519,1134519,2826,Grand Prairie C.C. 3,Del Bosque,,N,78
Dallas,113,4520,1134520,2827,Grand Prairie C.C. 3,Del Bosque,,N,13
Dallas,113,4521,1134521,2828,Grand Prairie C.C. 3,Del Bosque,,N,80
Dallas,113,4525,1134525,2831,Grand Prairie C.C. 3,Del Bosque,,N,5
Dallas,113,4528,1134528,2833,Grand Prairie C.C. 3,Del Bosque,,N,0
Dallas,113,4529,1134529,2834,Grand Prairie C.C. 3,Del Bosque,,N,17
Dallas,113,4535,1134535,2840,Grand Prairie C.C. 3,Del Bosque,,N,13
Dallas,113,4536,1134536,2841,Grand Prairie C.C. 3,Del Bosque,,N,1
Dallas,113,4538,1134538,2843,Grand Prairie C.C. 3,Del Bosque,,N,17
Dallas,113,4608,1134608,2860,Irving City Council 3,Webb,,N,111
Dallas,113,4609,1134609,2861,Irving City Council 3,Webb,,N,55
Dallas,113,4621,1134621,2873,Irving City Council 3,Webb,,N,136
Dallas,113,4622,1134622,2874,Irving City Council 3,Webb,,N,76
Dallas,113,4628,1134628,2880,Irving City Council 3,Webb,,N,27
Dallas,113,4632,1134632,2884,Irving City Council 3,Webb,,N,29
Dallas,113,4644,1134644,2891,Irving City Council 3,Webb,,N,0
Dallas,113,4648,1134648,2893,Irving City Council 3,Webb,,N,55
Dallas,113,4673,1134673,2911,Irving City Council 3,Webb,,N,0
Dallas,113,4674,1134674,2912,Irving City Council 3,Webb,,N,0
Dallas,113,4677,1134677,2914,Irving City Council 3,Webb,,N,0
Dallas,113,4678,1134678,2915,Irving City Council 3,Webb,,N,0
Tarrant,439,1001,4391001,7895,Fort Worth City Council 9,Rangel,,N,5
Tarrant,439,1005,4391005,7897,Fort Worth City Council 9,Rangel,,N,1
Tarrant,439,1014,4391014,7904,Fort Worth City Council 9,Rangel,,N,9
Tarrant,439,1015,4391015,7905,Fort Worth City Council 9,Rangel,,N,13
Tarrant,439,1062,4391062,7916,Fort Worth City Council 9,Rangel,,N,7
Tarrant,439,1076,4391076,7922,Fort Worth City Council 9,Rangel,,N,0
Tarrant,439,1085,4391085,7930,Fort Worth City Council 9,Rangel,,N,2
Tarrant,439,1108,4391108,7942,Fort Worth City Council 9,Rangel,,N,6
Tarrant,439,1109,4391109,7943,Fort Worth City Council 9,Rangel,,N,14
Tarrant,439,1154,4391154,7958,Fort Worth City Council 9,Rangel,,N,7
Tarrant,439,1165,4391165,7959,Fort Worth City Council 9,Rangel,,N,3
Tarrant,439,1273,4391273,7987,Fort Worth City Council 9,Rangel,,N,6
Tarrant,439,1291,4391291,7991,Fort Worth City Council 9,Rangel,,N,0
Tarrant,439,4057,4394057,8497,Fort Worth City Council 9,Rangel,,N,9
Tarrant,439,4060,4394060,8498,Fort Worth City Council 9,Rangel,,N,6
Tarrant,439,4097,4394097,8512,Fort Worth City Council 9,Rangel,,N,8
Tarrant,439,4107,4394107,8515,Fort Worth City Council 9,Rangel,,N,9
Tarrant,439,4195,4394195,8543,Fort Worth City Council 9,Rangel,,N,21
Tarrant,439,4201,4394201,8544,Fort Worth City Council 9,Rangel,,N,12
Tarrant,439,4233,4394233,8553,Fort Worth City Council 9,Rangel,,N,6
Tarrant,439,4253,4394253,8562,Fort Worth City Council 9,Rangel,,N,3
Tarrant,439,4256,4394256,8563,Fort Worth City Council 9,Rangel,,N,3
Tarrant,439,4587,4394587,8627,Fort Worth City Council 9,Rangel,,N,2
Tarrant,439,1001,4391001,7895,Fort Worth City Council 9,Scheffler,,N,10
Tarrant,439,1005,4391005,7897,Fort Worth City Council 9,Scheffler,,N,7
Tarrant,439,1014,4391014,7904,Fort Worth City Council 9,Scheffler,,N,5
Tarrant,439,1015,4391015,7905,Fort Worth City Council 9,Scheffler,,N,17
Tarrant,439,1062,4391062,7916,Fort Worth City Council 9,Scheffler,,N,69
Tarrant,439,1076,4391076,7922,Fort Worth City Council 9,Scheffler,,N,14
Tarrant,439,1085,4391085,7930,Fort Worth City Council 9,Scheffler,,N,5
Tarrant,439,1108,4391108,7942,Fort Worth City Council 9,Scheffler,,N,29
Tarrant,439,1109,4391109,7943,Fort Worth City Council 9,Scheffler,,N,20
Tarrant,439,1154,4391154,7958,Fort Worth City Council 9,Scheffler,,N,1
Tarrant,439,1165,4391165,7959,Fort Worth City Council 9,Scheffler,,N,9
Tarrant,439,1273,4391273,7987,Fort Worth City Council 9,Scheffler,,N,6
Tarrant,439,1291,4391291,7991,Fort Worth City Council 9,Scheffler,,N,0
Tarrant,439,4057,4394057,8497,Fort Worth City Council 9,Scheffler,,N,7
Tarrant,439,4060,4394060,8498,Fort Worth City Council 9,Scheffler,,N,44
Tarrant,439,4097,4394097,8512,Fort Worth City Council 9,Scheffler,,N,14
Tarrant,439,4107,4394107,8515,Fort Worth City Council 9,Scheffler,,N,4
Tarrant,439,4195,4394195,8543,Fort Worth City Council 9,Scheffler,,N,6
Tarrant,439,4201,4394201,8544,Fort Worth City Council 9,Scheffler,,N,1
Tarrant,439,4233,4394233,8553,Fort Worth City Council 9,Scheffler,,N,6
Tarrant,439,4253,4394253,8562,Fort Worth City Council 9,Scheffler,,N,3
Tarrant,439,4256,4394256,8563,Fort Worth City Council 9,Scheffler,,N,1
Tarrant,439,4587,4394587,8627,Fort Worth City Council 9,Scheffler,,N,0
Tarrant,439,1001,4391001,7895,Fort Worth City Council 9,Zadeh,,N,34
Tarrant,439,1005,4391005,7897,Fort Worth City Council 9,Zadeh,,N,3
Tarrant,439,1014,4391014,7904,Fort Worth City Council 9,Zadeh,,N,22
Tarrant,439,1015,4391015,7905,Fort Worth City Council 9,Zadeh,,N,34
Tarrant,439,1062,4391062,7916,Fort Worth City Council 9,Zadeh,,N,125
Tarrant,439,1076,4391076,7922,Fort Worth City Council 9,Zadeh,,N,153
Tarrant,439,1085,4391085,7930,Fort Worth City Council 9,Zadeh,,N,5
Tarrant,439,1108,4391108,7942,Fort Worth City Council 9,Zadeh,,N,224
Tarrant,439,1109,4391109,7943,Fort Worth City Council 9,Zadeh,,N,81
Tarrant,439,1154,4391154,7958,Fort Worth City Council 9,Zadeh,,N,5
Tarrant,439,1165,4391165,7959,Fort Worth City Council 9,Zadeh,,N,54
Tarrant,439,1273,4391273,7987,Fort Worth City Council 9,Zadeh,,N,15
Tarrant,439,1291,4391291,7991,Fort Worth City Council 9,Zadeh,,N,0
Tarrant,439,4057,4394057,8497,Fort Worth City Council 9,Zadeh,,N,110
Tarrant,439,4060,4394060,8498,Fort Worth City Council 9,Zadeh,,N,68
Tarrant,439,4097,4394097,8512,Fort Worth City Council 9,Zadeh,,N,26
Tarrant,439,4107,4394107,8515,Fort Worth City Council 9,Zadeh,,N,2
Tarrant,439,4195,4394195,8543,Fort Worth City Council 9,Zadeh,,N,12
Tarrant,439,4201,4394201,8544,Fort Worth City Council 9,Zadeh,,N,11
Tarrant,439,4233,4394233,8553,Fort Worth City Council 9,Zadeh,,N,8
Tarrant,439,4253,4394253,8562,Fort Worth City Council 9,Zadeh,,N,7
Tarrant,439,4256,4394256,8563,Fort Worth City Council 9,Zadeh,,N,3
Tarrant,439,4587,4394587,8627,Fort Worth City Council 9,Zadeh,,N,4
Tarrant,439,1001,4391001,7895,Fort Worth City Council 9,Lasater,,N,20
Tarrant,439,1005,4391005,7897,Fort Worth City Council 9,Lasater,,N,1
Tarrant,439,1014,4391014,7904,Fort Worth City Council 9,Lasater,,N,12
Tarrant,439,1015,4391015,7905,Fort Worth City Council 9,Lasater,,N,23
Tarrant,439,1062,4391062,7916,Fort Worth City Council 9,Lasater,,N,63
Tarrant,439,1076,4391076,7922,Fort Worth City Council 9,Lasater,,N,192
Tarrant,439,1085,4391085,7930,Fort Worth City Council 9,Lasater,,N,6
Tarrant,439,1108,4391108,7942,Fort Worth City Council 9,Lasater,,N,170
Tarrant,439,1109,4391109,7943,Fort Worth City Council 9,Lasater,,N,38
Tarrant,439,1154,4391154,7958,Fort Worth City Council 9,Lasater,,N,0
Tarrant,439,1165,4391165,7959,Fort Worth City Council 9,Lasater,,N,53
Tarrant,439,1273,4391273,7987,Fort Worth City Council 9,Lasater,,N,14
Tarrant,439,1291,4391291,7991,Fort Worth City Council 9,Lasater,,N,0
Tarrant,439,4057,4394057,8497,Fort Worth City Council 9,Lasater,,N,116
Tarrant,439,4060,4394060,8498,Fort Worth City Council 9,Lasater,,N,22
Tarrant,439,4097,4394097,8512,Fort Worth City Council 9,Lasater,,N,4
Tarrant,439,4107,4394107,8515,Fort Worth City Council 9,Lasater,,N,2
Tarrant,439,4195,4394195,8543,Fort Worth City Council 9,Lasater,,N,13
Tarrant,439,4201,4394201,8544,Fort Worth City Council 9,Lasater,,N,1
Tarrant,439,4233,4394233,8553,Fort Worth City Council 9,Lasater,,N,5
Tarrant,439,4253,4394253,8562,Fort Worth City Council 9,Lasater,,N,7
Tarrant,439,4256,4394256,8563,Fort Worth City Council 9,Lasater,,N,10
Tarrant,439,4587,4394587,8627,Fort Worth City Council 9,Lasater,,N,0
Tarrant,439,1001,4391001,7895,Fort Worth City Council 9,Hughes,,N,19
Tarrant,439,1005,4391005,7897,Fort Worth City Council 9,Hughes,,N,0
Tarrant,439,1014,4391014,7904,Fort Worth City Council 9,Hughes,,N,16
Tarrant,439,1015,4391015,7905,Fort Worth City Council 9,Hughes,,N,37
Tarrant,439,1062,4391062,7916,Fort Worth City Council 9,Hughes,,N,64
Tarrant,439,1076,4391076,7922,Fort Worth City Council 9,Hughes,,N,79
Tarrant,439,1085,4391085,7930,Fort Worth City Council 9,Hughes,,N,7
Tarrant,439,1108,4391108,7942,Fort Worth City Council 9,Hughes,,N,110
Tarrant,439,1109,4391109,7943,Fort Worth City Council 9,Hughes,,N,49
Tarrant,439,1154,4391154,7958,Fort Worth City Council 9,Hughes,,N,3
Tarrant,439,1165,4391165,7959,Fort Worth City Council 9,Hughes,,N,69
Tarrant,439,1273,4391273,7987,Fort Worth City Council 9,Hughes,,N,6
Tarrant,439,1291,4391291,7991,Fort Worth City Council 9,Hughes,,N,0
Tarrant,439,4057,4394057,8497,Fort Worth City Council 9,Hughes,,N,26
Tarrant,439,4060,4394060,8498,Fort Worth City Council 9,Hughes,,N,16
Tarrant,439,4097,4394097,8512,Fort Worth City Council 9,Hughes,,N,9
Tarrant,439,4107,4394107,8515,Fort Worth City Council 9,Hughes,,N,5
Tarrant,439,4195,4394195,8543,Fort Worth City Council 9,Hughes,,N,13
Tarrant,439,4201,4394201,8544,Fort Worth City Council 9,Hughes,,N,4
Tarrant,439,4233,4394233,8553,Fort Worth City Council 9,Hughes,,N,8
Tarrant,439,4253,4394253,8562,Fort Worth City Council 9,Hughes,,N,2
Tarrant,439,4256,4394256,8563,Fort Worth City Council 9,Hughes,,N,3
Tarrant,439,4587,4394587,8627,Fort Worth City Council 9,Hughes,,N,3
Tarrant,439,1001,4391001,7895,Fort Worth City Council 9,Garza,,N,4
Tarrant,439,1005,4391005,7897,Fort Worth City Council 9,Garza,,N,3
Tarrant,439,1014,4391014,7904,Fort Worth City Council 9,Garza,,N,5
Tarrant,439,1015,4391015,7905,Fort Worth City Council 9,Garza,,N,14
Tarrant,439,1062,4391062,7916,Fort Worth City Council 9,Garza,,N,40
Tarrant,439,1076,4391076,7922,Fort Worth City Council 9,Garza,,N,9
Tarrant,439,1085,4391085,7930,Fort Worth City Council 9,Garza,,N,5
Tarrant,439,1108,4391108,7942,Fort Worth City Council 9,Garza,,N,12
Tarrant,439,1109,4391109,7943,Fort Worth City Council 9,Garza,,N,37
Tarrant,439,1154,4391154,7958,Fort Worth City Council 9,Garza,,N,3
Tarrant,439,1165,4391165,7959,Fort Worth City Council 9,Garza,,N,11
Tarrant,439,1273,4391273,7987,Fort Worth City Council 9,Garza,,N,24
Tarrant,439,1291,4391291,7991,Fort Worth City Council 9,Garza,,N,0
Tarrant,439,4057,4394057,8497,Fort Worth City Council 9,Garza,,N,18
Tarrant,439,4060,4394060,8498,Fort Worth City Council 9,Garza,,N,18
Tarrant,439,4097,4394097,8512,Fort Worth City Council 9,Garza,,N,26
Tarrant,439,4107,4394107,8515,Fort Worth City Council 9,Garza,,N,16
Tarrant,439,4195,4394195,8543,Fort Worth City Council 9,Garza,,N,57
Tarrant,439,4201,4394201,8544,Fort Worth City Council 9,Garza,,N,92
Tarrant,439,4233,4394233,8553,Fort Worth City Council 9,Garza,,N,40
Tarrant,439,4253,4394253,8562,Fort Worth City Council 9,Garza,,N,15
Tarrant,439,4256,4394256,8563,Fort Worth City Council 9,Garza,,N,3
Tarrant,439,4587,4394587,8627,Fort Worth City Council 9,Garza,,N,7

